staff_id,branch_id,name,gender,position,join_date,salary,contact_number
ST001001,BR001,Ko Htet,Male,Branch Manager,2020-08-17,841291,0931496211
ST001002,BR001,Khin Oo,Female,Cashier,2022-11-08,467314,0983791320
ST001003,BR001,Thura Ye,Male,Field Officer,2024-11-09,511043,0992383095
ST001004,BR001,Naing Yan,Male,Accountant,2023-10-11,629690,0989467853
ST001005,BR001,Nwe Thein,Female,Cashier,2022-08-27,433568,0965377076
ST001006,BR001,Phyo Oo,Male,Cashier,2024-07-13,708512,0949557077
ST001007,BR001,Kyaw Aung,Male,Cashier,2025-03-15,435337,0924216175
ST001008,BR001,Khin Ye,Female,Cashier,2023-11-03,546002,0985151231
ST001009,BR001,Zin Zaw,Male,Field Officer,2022-06-27,527400,0983481353
ST001010,BR001,Aye Kyaw,Female,Loan Officer,2021-09-09,745496,0977854710
ST001011,BR001,Khaing Lin,Female,Field Officer,2022-10-19,782245,0927270733
ST001012,BR001,Min Yan,Male,Accountant,2025-05-03,457288,0953374088
ST001013,BR001,Myo Oo,Male,Field Officer,2023-11-20,473495,0976623995
ST001014,BR001,Thura Zin,Male,Cashier,2022-02-16,439523,0979476001
ST001015,BR001,Min Oo,Male,Loan Officer,2022-05-14,448896,0951726318
ST001016,BR001,Moe Phyo,Male,Field Officer,2024-09-07,512065,0973826716
ST002001,BR002,Win Yan,Male,Branch Manager,2018-12-19,801130,0972401521
ST002002,BR002,Phyu Moe,Female,Field Officer,2023-08-20,765214,0994593961
ST002003,BR002,Thida Myint,Female,Accountant,2024-03-30,514137,0927849494
ST002004,BR002,Soe Aung,Male,Loan Officer,2023-08-27,706277,0983993471
ST002005,BR002,Min Ye,Male,Loan Officer,2023-11-28,497425,0929196777
ST002006,BR002,Ko Yan,Male,Loan Officer,2022-12-03,698673,0953046464
ST002007,BR002,Ye Win,Male,Field Officer,2023-11-23,744652,0998339168
ST002008,BR002,Sandar Myint,Female,Accountant,2023-12-15,525140,0955650176
ST002009,BR002,Thida Moe,Female,Field Officer,2023-11-02,565767,0929736572
ST002010,BR002,Thein Khaing,Male,Loan Officer,2024-07-04,438409,0992160068
ST002011,BR002,Lin Soe,Male,Cashier,2025-01-09,582981,0929233013
ST003001,BR003,Than Moe,Male,Branch Manager,2020-03-13,882704,0978812137
ST003002,BR003,Thet Ye,Female,Loan Officer,2024-01-04,750152,0994437458
ST003003,BR003,Nwe Zaw,Female,Accountant,2023-07-12,460517,0934366125
ST003004,BR003,Thura Moe,Male,Cashier,2022-10-26,776235,0966020613
ST003005,BR003,Thura Ye,Male,Field Officer,2024-08-13,531659,0926818112
ST003006,BR003,Moe Soe,Male,Loan Officer,2022-07-17,401858,0964769200
ST003007,BR003,Thura Htun,Male,Field Officer,2025-02-27,689239,0977403166
ST003008,BR003,Zaw Win,Male,Cashier,2025-04-26,686046,0924835614
ST003009,BR003,Yin Oo,Female,Cashier,2023-01-15,625332,0937105448
ST003010,BR003,Naing Naing,Male,Loan Officer,2024-01-03,587595,0948195995
ST004001,BR004,Zaw Naing,Male,Branch Manager,2019-01-11,1093540,0974543049
ST004002,BR004,Ko Htun,Male,Cashier,2025-01-04,616161,0923326769
ST004003,BR004,Soe Lin,Male,Cashier,2024-07-04,539883,0941367172
ST004004,BR004,Hla Aung,Male,Field Officer,2023-04-29,516619,0946786211
ST004005,BR004,Yu Moe,Female,Cashier,2023-08-12,516876,0923176186
ST004006,BR004,Hla Than,Male,Accountant,2022-10-02,436396,0957463522
ST004007,BR004,Wai Yan,Female,Accountant,2023-08-27,414470,0935480907
ST004008,BR004,Myint Htet,Female,Accountant,2024-06-14,420057,0934549543
ST005001,BR005,Yu Than,Female,Branch Manager,2018-07-03,1028796,0988642041
ST005002,BR005,Hla Htet,Male,Cashier,2024-04-10,533547,0925957459
ST005003,BR005,Su Ye,Female,Cashier,2024-06-15,590956,0977887757
ST005004,BR005,Soe Khaing,Male,Accountant,2024-09-15,747806,0936726926
ST005005,BR005,Wai Moe,Female,Field Officer,2024-06-13,571013,0974009265
ST005006,BR005,Hnin Zaw,Female,Cashier,2024-05-12,620434,0970888017
ST005007,BR005,Ye Htet,Male,Accountant,2024-09-02,612900,0993542887
ST005008,BR005,Naing Moe,Male,Cashier,2024-02-16,625385,0997844239
ST005009,BR005,Phyu Zin,Female,Field Officer,2025-03-09,754223,0948682516
ST005010,BR005,Myint Win,Female,Accountant,2023-12-09,670245,0964988206
ST005011,BR005,Ko Moe,Male,Cashier,2024-12-28,504401,0939777514
ST005012,BR005,Min Thein,Male,Field Officer,2024-10-23,720483,0929774839
ST005013,BR005,Khaing Htet,Female,Cashier,2025-02-14,776620,0971536717
ST005014,BR005,Nu Thein,Female,Cashier,2024-08-20,743963,0920744212
ST005015,BR005,Moe Thein,Male,Cashier,2023-11-27,764858,0989519112
ST005016,BR005,Hla Oo,Female,Cashier,2024-11-29,463626,0981265269
ST005017,BR005,Thein Ye,Male,Accountant,2025-02-07,795968,0979401199
ST005018,BR005,Hnin Zin,Female,Cashier,2024-07-17,789889,0983709724
ST005019,BR005,Sandar Thein,Female,Accountant,2025-01-27,673311,0985041510
ST005020,BR005,Thura Zin,Male,Loan Officer,2024-06-06,774103,0958349783
ST005021,BR005,Thura Than,Male,Accountant,2024-08-24,683195,0930814950
ST005022,BR005,Htun Thein,Male,Field Officer,2025-01-03,763829,0940509175
ST005023,BR005,Kyaw Lin,Male,Field Officer,2024-09-11,573477,0992828034
ST005024,BR005,Khaing Aung,Female,Cashier,2025-02-01,620276,0972274692
ST006001,BR006,Phyo Yan,Male,Branch Manager,2019-08-11,1050074,0920791358
ST006002,BR006,Cho Yan,Female,Field Officer,2021-03-27,682182,0993300637
ST006003,BR006,Yan Thein,Male,Accountant,2022-05-04,628503,0985181765
ST006004,BR006,Hla Than,Male,Field Officer,2025-01-24,779679,0942151928
ST006005,BR006,Thida Khaing,Female,Loan Officer,2023-06-06,606580,0999442503
ST006006,BR006,Kyaw Lin,Male,Cashier,2021-10-25,642062,0944391257
ST006007,BR006,Thura Yan,Male,Accountant,2020-09-27,510970,0981028710
ST006008,BR006,Thandar Yan,Female,Accountant,2024-01-15,794269,0976581473
ST006009,BR006,Khin Phyo,Female,Loan Officer,2024-09-12,792704,0992399599
ST006010,BR006,Than Thein,Male,Loan Officer,2022-08-30,741707,0925403355
ST006011,BR006,Ko Myint,Male,Loan Officer,2024-08-19,725758,0940452412
ST006012,BR006,Htun Phyo,Male,Loan Officer,2024-11-22,695682,0949254705
ST006013,BR006,Sandar Naing,Female,Cashier,2025-03-14,717662,0935372341
ST006014,BR006,Naing Kyaw,Male,Loan Officer,2023-05-10,563555,0997282128
ST007001,BR007,Nu Myint,Female,Branch Manager,2019-12-15,839844,0999470029
ST007002,BR007,Zaw Moe,Male,Loan Officer,2024-12-05,696711,0925512205
ST007003,BR007,Hnin Lin,Female,Accountant,2025-01-18,436153,0987908907
ST007004,BR007,Su Lin,Female,Field Officer,2025-01-27,455332,0978186525
ST007005,BR007,Phyu Zaw,Female,Field Officer,2024-06-07,492346,0990027662
ST007006,BR007,Thet Oo,Female,Field Officer,2024-06-13,643727,0978461818
ST007007,BR007,Thandar Thein,Female,Loan Officer,2024-11-24,546238,0980505620
ST007008,BR007,Thein Htet,Male,Field Officer,2024-11-04,576368,0923852048
ST007009,BR007,Thandar Htun,Female,Field Officer,2025-01-19,511211,0967623800
ST007010,BR007,Thandar Soe,Female,Accountant,2024-06-15,691394,0921362459
ST007011,BR007,Kyaw Thein,Male,Field Officer,2024-12-06,656155,0994514489
ST007012,BR007,Yan Phyo,Male,Field Officer,2023-12-11,409040,0932489409
ST007013,BR007,May Yan,Female,Cashier,2025-04-01,560540,0998055069
ST007014,BR007,Thuzar Oo,Female,Accountant,2024-03-22,623086,0993871890
ST007015,BR007,Yu Zin,Female,Accountant,2024-11-10,560758,0953742830
ST007016,BR007,Zaw Myint,Male,Accountant,2024-03-30,462681,0991922443
ST007017,BR007,Myo Myint,Male,Field Officer,2024-04-01,544965,0999133014
ST007018,BR007,Nwe Myint,Female,Accountant,2024-06-14,519266,0968436637
ST007019,BR007,Naing Hlaing,Male,Cashier,2024-11-04,543818,0926109013
ST007020,BR007,Zin Moe,Male,Cashier,2025-01-05,734427,0985884623
ST007021,BR007,Aung Htet,Male,Accountant,2024-09-01,646099,0984251933
ST008001,BR008,Thandar Htun,Female,Branch Manager,2023-07-18,826936,0953887075
ST008002,BR008,Nwe Win,Female,Field Officer,2023-12-14,657816,0929943140
ST008003,BR008,Htun Zaw,Male,Accountant,2025-02-03,444659,0953311626
ST008004,BR008,Zin Lin,Male,Cashier,2024-07-08,673978,0971053474
ST008005,BR008,Phyu Moe,Female,Field Officer,2025-03-19,560107,0996320155
ST008006,BR008,Ye Kyaw,Male,Cashier,2024-04-02,727950,0948323322
ST008007,BR008,Khin Htun,Female,Cashier,2024-01-13,491128,0994087145
ST008008,BR008,Win Hlaing,Male,Field Officer,2023-12-01,636193,0999699989
ST008009,BR008,Cho Aung,Female,Cashier,2024-03-12,551049,0957945817
ST008010,BR008,Khin Thein,Female,Accountant,2023-11-15,727710,0999160218
ST008011,BR008,Moe Kyaw,Male,Cashier,2024-11-30,739547,0939997018
ST008012,BR008,Thida Win,Female,Loan Officer,2024-01-23,486991,0961286958
ST008013,BR008,Phyu Kyaw,Female,Field Officer,2024-05-01,761065,0960814428
ST008014,BR008,Sandar Ye,Female,Field Officer,2024-11-30,629511,0930796722
ST008015,BR008,Moe Than,Male,Accountant,2023-12-03,413560,0932257687
ST008016,BR008,Phyo Htet,Male,Loan Officer,2025-01-17,752469,0956173157
ST009001,BR009,Win Phyo,Male,Branch Manager,2019-08-31,1072086,0979355025
ST009002,BR009,Myint Htet,Female,Field Officer,2021-10-03,732810,0985998319
ST009003,BR009,Yan Naing,Male,Field Officer,2024-05-14,574749,0963091709
ST009004,BR009,Win Than,Male,Field Officer,2024-07-31,763684,0986500726
ST009005,BR009,Nu Oo,Female,Loan Officer,2024-01-22,638459,0931819185
ST009006,BR009,Sandar Than,Female,Loan Officer,2021-04-08,611904,0989067939
ST009007,BR009,Zin Zin,Male,Field Officer,2024-09-16,428418,0945176902
ST009008,BR009,Thet Phyo,Female,Field Officer,2023-10-31,798453,0926927215
ST009009,BR009,Thura Oo,Male,Cashier,2023-11-30,551010,0978802946
ST009010,BR009,Nwe Hlaing,Female,Cashier,2021-11-28,772130,0941257157
ST009011,BR009,Hnin Hlaing,Female,Field Officer,2022-12-23,448868,0950158811
ST009012,BR009,Thein Kyaw,Male,Cashier,2025-02-02,661292,0959172995
ST009013,BR009,Khaing Phyo,Female,Field Officer,2021-05-04,527785,0981308842
ST010001,BR010,Hla Myint,Male,Branch Manager,2019-11-02,1114246,0988214937
ST010002,BR010,Kyaw Soe,Male,Field Officer,2022-05-25,578192,0988147397
ST010003,BR010,Su Moe,Female,Accountant,2024-02-08,707724,0997835998
ST010004,BR010,Thida Zin,Female,Field Officer,2022-05-21,580944,0964619335
ST010005,BR010,Phyu Than,Female,Cashier,2022-09-05,765690,0952051937
ST010006,BR010,May Lin,Female,Loan Officer,2021-08-15,566816,0983481797
ST010007,BR010,Nu Zaw,Female,Field Officer,2024-07-18,419408,0936944487
ST010008,BR010,Nwe Zin,Female,Loan Officer,2025-04-03,675749,0981327848
ST010009,BR010,Htun Lin,Male,Cashier,2021-06-27,439231,0983013961
ST010010,BR010,Thandar Khaing,Female,Field Officer,2021-04-21,740701,0930779739
ST010011,BR010,Hnin Yan,Female,Accountant,2022-08-02,728623,0985491202
ST010012,BR010,Ye Win,Male,Cashier,2024-05-01,730910,0958571356
ST010013,BR010,Kyaw Lin,Male,Loan Officer,2022-10-26,798652,0933489853
ST010014,BR010,Myint Moe,Female,Loan Officer,2021-09-17,424112,0963536830
ST010015,BR010,Naing Naing,Male,Accountant,2021-05-15,625803,0939538047
ST010016,BR010,Lin Lin,Male,Cashier,2024-05-21,489120,0943497411
ST011001,BR011,Ye Yan,Male,Branch Manager,2020-07-29,1124906,0952323627
ST011002,BR011,Yin Zaw,Female,Cashier,2024-09-20,641775,0954088261
ST011003,BR011,Sandar Hlaing,Female,Field Officer,2024-05-13,550801,0993363160
ST011004,BR011,Kyaw Zin,Male,Accountant,2024-07-10,708056,0960151803
ST011005,BR011,Sandar Zin,Female,Accountant,2024-11-19,504447,0971632653
ST011006,BR011,Nwe Thein,Female,Field Officer,2024-07-01,699852,0968178682
ST011007,BR011,Cho Hlaing,Female,Field Officer,2024-09-05,543906,0921086890
ST011008,BR011,Ye Phyo,Male,Accountant,2024-08-11,520648,0967287718
ST011009,BR011,Myo Khaing,Male,Accountant,2025-01-27,755343,0938358198
ST011010,BR011,Min Moe,Male,Field Officer,2024-08-05,417492,0997789079
ST011011,BR011,Thida Win,Female,Accountant,2024-11-28,571294,0975767881
ST012001,BR012,Myo Zaw,Male,Branch Manager,2017-11-10,1082805,0969104566
ST012002,BR012,Myint Soe,Female,Field Officer,2025-01-02,554739,0965461591
ST012003,BR012,Thein Win,Male,Cashier,2025-03-06,795392,0950281491
ST012004,BR012,Hnin Naing,Female,Loan Officer,2024-11-17,606870,0921868130
ST012005,BR012,Hnin Kyaw,Female,Field Officer,2024-05-05,593245,0955186708
ST012006,BR012,Yu Kyaw,Female,Cashier,2024-12-01,647189,0923358751
ST012007,BR012,Thet Thein,Female,Loan Officer,2025-02-17,733134,0982312933
ST012008,BR012,Khaing Kyaw,Female,Cashier,2024-08-29,423774,0924994527
ST012009,BR012,Thuzar Kyaw,Female,Loan Officer,2024-04-16,523102,0992148284
ST012010,BR012,Hla Zin,Male,Accountant,2025-02-14,751527,0992503409
ST012011,BR012,Yin Zaw,Female,Field Officer,2025-02-28,743367,0933290458
ST012012,BR012,Thet Lin,Female,Accountant,2024-07-30,417152,0969731689
ST012013,BR012,Thein Zin,Male,Cashier,2025-04-08,590151,0933335151
ST012014,BR012,Hnin Naing,Female,Loan Officer,2024-10-15,608739,0957028180
ST012015,BR012,Zaw Zin,Male,Loan Officer,2025-02-19,747481,0948468360
ST012016,BR012,Min Than,Male,Cashier,2024-04-16,466020,0995776373
ST012017,BR012,Kyaw Oo,Male,Cashier,2024-06-26,707433,0948984499
ST012018,BR012,Soe Zaw,Male,Loan Officer,2025-03-02,545371,0939419691
ST012019,BR012,Zin Soe,Male,Cashier,2025-04-03,457633,0923460153
ST013001,BR013,Aung Naing,Male,Branch Manager,2018-05-12,924744,0999034501
ST013002,BR013,Su Htun,Female,Accountant,2025-04-02,427472,0937013243
ST013003,BR013,Wai Kyaw,Female,Loan Officer,2024-06-05,649690,0980166480
ST013004,BR013,Wai Htet,Female,Loan Officer,2024-04-20,636981,0987624084
ST013005,BR013,Ye Aung,Male,Accountant,2024-12-29,640146,0924180968
ST013006,BR013,Yan Yan,Male,Field Officer,2024-01-27,759712,0934490391
ST013007,BR013,Phyu Win,Female,Loan Officer,2025-04-05,568879,0939909029
ST013008,BR013,Htun Soe,Male,Accountant,2025-04-24,599703,0991210133
ST013009,BR013,Phyu Ye,Female,Field Officer,2025-03-07,451998,0935356396
ST013010,BR013,Moe Zin,Male,Cashier,2025-02-16,616957,0965490631
ST013011,BR013,Nu Lin,Female,Loan Officer,2024-04-24,563865,0977279295
ST013012,BR013,Sandar Naing,Female,Cashier,2025-05-08,760092,0983655158
ST013013,BR013,Kyaw Win,Male,Loan Officer,2024-04-01,626427,0932960658
ST013014,BR013,Thida Oo,Female,Loan Officer,2024-09-16,707476,0995374852
ST013015,BR013,Nwe Lin,Female,Accountant,2024-12-24,748830,0976765623
ST013016,BR013,Naing Khaing,Male,Accountant,2025-04-13,584363,0933905032
ST014001,BR014,Htun Phyo,Male,Branch Manager,2018-06-02,917568,0934524825
ST014002,BR014,Hnin Naing,Female,Loan Officer,2024-08-11,799824,0957388792
ST014003,BR014,Moe Oo,Male,Loan Officer,2024-05-29,719288,0955896226
ST014004,BR014,Win Soe,Male,Accountant,2024-08-20,578165,0967113566
ST014005,BR014,Win Zaw,Male,Field Officer,2024-08-28,436482,0939042093
ST014006,BR014,Kyaw Ye,Male,Cashier,2024-09-17,597234,0976348963
ST014007,BR014,Thandar Htun,Female,Accountant,2024-03-02,563387,0963537934
ST014008,BR014,Min Zaw,Male,Cashier,2024-06-08,795541,0926679008
ST014009,BR014,Thura Zin,Male,Field Officer,2024-08-21,654626,0979330166
ST014010,BR014,Sandar Myint,Female,Loan Officer,2024-08-04,580969,0977702031
ST014011,BR014,Naing Htet,Male,Field Officer,2024-12-29,676265,0961395350
ST014012,BR014,Ko Yan,Male,Loan Officer,2025-05-06,404030,0947437207
ST014013,BR014,Aye Zaw,Female,Accountant,2024-05-24,551753,0964039837
ST014014,BR014,Aung Phyo,Male,Field Officer,2024-03-10,492114,0937339011
ST014015,BR014,Hnin Thein,Female,Accountant,2024-07-07,437788,0973293990
ST014016,BR014,Moe Hlaing,Male,Field Officer,2024-08-05,440822,0962018286
ST014017,BR014,Yin Yan,Female,Field Officer,2024-02-26,551789,0935458308
ST014018,BR014,Su Than,Female,Cashier,2025-04-06,724075,0981753160
ST014019,BR014,Khin Lin,Female,Loan Officer,2024-03-18,527567,0978475513
ST014020,BR014,Wai Win,Female,Field Officer,2024-12-29,562673,0965568701
ST014021,BR014,Soe Htun,Male,Loan Officer,2024-03-17,667640,0935304396
ST014022,BR014,Than Naing,Male,Cashier,2024-05-24,523872,0933798190
ST014023,BR014,Thura Myint,Male,Cashier,2024-08-07,715830,0940517835
ST014024,BR014,Win Phyo,Male,Field Officer,2025-03-14,795546,0995663295
ST014025,BR014,Yin Khaing,Female,Accountant,2024-04-02,728842,0962431444
ST015001,BR015,Thein Win,Male,Branch Manager,2018-07-07,1045849,0979352161
ST015002,BR015,Sandar Htet,Female,Loan Officer,2022-11-25,584519,0988093604
ST015003,BR015,Naing Zin,Male,Field Officer,2024-07-06,419717,0927635653
ST015004,BR015,Cho Win,Female,Loan Officer,2023-09-11,722441,0999736043
ST015005,BR015,Phyu Htet,Female,Loan Officer,2023-04-02,635789,0996726461
ST015006,BR015,Soe Khaing,Male,Field Officer,2023-09-04,662860,0940248230
ST015007,BR015,Thein Kyaw,Male,Accountant,2023-08-27,774507,0931318464
ST015008,BR015,Min Thein,Male,Field Officer,2025-03-10,630383,0990339290
ST015009,BR015,Than Naing,Male,Accountant,2023-11-07,603117,0974864099
ST015010,BR015,Thet Aung,Female,Accountant,2023-07-23,434556,0964250344
ST016001,BR016,Zin Yan,Male,Branch Manager,2018-01-28,948974,0953822301
ST016002,BR016,Soe Win,Male,Cashier,2024-03-29,583406,0961638598
ST016003,BR016,Thida Khaing,Female,Loan Officer,2024-10-22,562310,0995017250
ST016004,BR016,Thandar Zaw,Female,Loan Officer,2024-07-31,738703,0976828640
ST016005,BR016,Su Naing,Female,Accountant,2023-09-22,494509,0948748452
ST016006,BR016,Thuzar Myint,Female,Cashier,2023-03-31,472123,0940796389
ST016007,BR016,Naing Kyaw,Male,Loan Officer,2023-02-02,747041,0965199748
ST016008,BR016,Ye Yan,Male,Cashier,2022-08-16,485064,0944272734
ST016009,BR016,Thein Aung,Male,Field Officer,2023-07-14,590997,0951880763
ST016010,BR016,Thet Moe,Female,Field Officer,2024-10-18,522684,0991673763
ST016011,BR016,Naing Phyo,Male,Cashier,2025-02-15,592854,0996560394
ST016012,BR016,Phyu Moe,Female,Field Officer,2022-09-30,663667,0990794454
ST016013,BR016,Myint Myint,Female,Cashier,2023-01-29,531073,0927003454
ST016014,BR016,Yu Oo,Female,Loan Officer,2024-01-13,772978,0989244185
ST016015,BR016,Naing Win,Male,Cashier,2024-02-17,543021,0980306604
ST016016,BR016,Moe Win,Male,Cashier,2023-07-07,636520,0966920514
ST016017,BR016,Moe Aung,Male,Field Officer,2024-09-15,663196,0970192261
ST016018,BR016,Hla Win,Male,Accountant,2024-12-11,517722,0923783268
ST016019,BR016,Nwe Than,Female,Cashier,2024-04-01,472141,0925140967
ST017001,BR017,Thuzar Zaw,Female,Branch Manager,2023-03-14,1197851,0982962895
ST017002,BR017,Thet Hlaing,Female,Loan Officer,2024-01-06,409963,0954349528
ST017003,BR017,Htun Oo,Male,Field Officer,2025-03-06,458293,0958668339
ST017004,BR017,Naing Kyaw,Male,Loan Officer,2024-11-15,525010,0976348030
ST017005,BR017,Khin Kyaw,Female,Field Officer,2025-02-11,712863,0991947921
ST017006,BR017,Lin Htet,Male,Cashier,2024-07-11,776724,0939270557
ST017007,BR017,Khaing Hlaing,Female,Accountant,2025-05-10,526124,0996593187
ST017008,BR017,Myint Win,Female,Accountant,2025-02-16,435483,0990606503
ST017009,BR017,Hla Phyo,Male,Loan Officer,2024-12-14,733274,0971926331
ST018001,BR018,Sandar Hlaing,Female,Branch Manager,2019-06-25,987220,0929067690
ST018002,BR018,May Kyaw,Female,Accountant,2024-09-07,469945,0925950635
ST018003,BR018,Hnin Than,Female,Cashier,2024-03-14,758970,0982360629
ST018004,BR018,Myint Zaw,Female,Loan Officer,2024-12-29,775413,0981428713
ST018005,BR018,Naing Myint,Male,Loan Officer,2024-08-09,504579,0925624520
ST018006,BR018,Cho Ye,Female,Field Officer,2024-02-29,684704,0983538641
ST018007,BR018,Hla Myint,Female,Accountant,2024-09-17,587157,0926416148
ST018008,BR018,Sandar Kyaw,Female,Accountant,2024-12-03,629088,0973690013
ST018009,BR018,Nu Than,Female,Cashier,2025-02-22,660153,0986776459
ST018010,BR018,Wai Soe,Female,Loan Officer,2024-06-12,781200,0976975380
ST019001,BR019,Moe Khaing,Male,Branch Manager,2021-01-26,894611,0993212334
ST019002,BR019,Thandar Kyaw,Female,Loan Officer,2022-07-21,571924,0959680122
ST019003,BR019,Phyu Khaing,Female,Field Officer,2022-02-14,487369,0979580374
ST019004,BR019,Phyu Aung,Female,Accountant,2023-01-19,722359,0978376726
ST019005,BR019,Hla Win,Female,Field Officer,2024-04-24,590479,0988865239
ST019006,BR019,Aung Zaw,Male,Field Officer,2022-10-22,418244,0936942307
ST019007,BR019,Ko Naing,Male,Accountant,2021-12-02,600725,0996134287
ST019008,BR019,Ye Zaw,Male,Field Officer,2022-10-29,594492,0969930790
ST019009,BR019,Khin Htet,Female,Cashier,2022-08-01,677589,0969251188
ST019010,BR019,Thandar Soe,Female,Cashier,2023-02-04,459479,0923478029
ST019011,BR019,Yan Ye,Male,Field Officer,2021-10-01,694478,0935805613
ST019012,BR019,Sandar Zin,Female,Cashier,2022-02-23,720799,0958329479
ST019013,BR019,Aye Kyaw,Female,Cashier,2025-01-07,438824,0980672142
ST019014,BR019,Thein Win,Male,Accountant,2023-12-04,750140,0966630633
ST019015,BR019,Zin Oo,Male,Accountant,2023-06-10,557263,0941139996
ST019016,BR019,Than Ye,Male,Cashier,2021-12-03,463628,0946975128
ST019017,BR019,Ko Phyo,Male,Loan Officer,2022-10-25,589213,0994359498
ST019018,BR019,Phyu Oo,Female,Cashier,2023-10-11,720837,0931571646
ST019019,BR019,Naing Yan,Male,Field Officer,2021-11-21,675615,0975135987
ST019020,BR019,Yin Win,Female,Cashier,2024-06-07,566213,0929954260
ST020001,BR020,Phyu Ye,Female,Branch Manager,2022-05-12,980624,0937224779
ST020002,BR020,Htun Lin,Male,Loan Officer,2024-08-24,465096,0989538491
ST020003,BR020,Naing Htun,Male,Cashier,2023-11-12,569167,0950262109
ST020004,BR020,Wai Moe,Female,Loan Officer,2023-09-13,531389,0946347197
ST020005,BR020,Thida Moe,Female,Loan Officer,2023-10-10,663493,0942633927
ST020006,BR020,Win Khaing,Male,Accountant,2023-03-03,695498,0925529005
ST020007,BR020,Kyaw Aung,Male,Accountant,2024-10-18,741379,0948294221
ST020008,BR020,Thet Hlaing,Female,Field Officer,2024-01-04,728814,0993226170
ST020009,BR020,Cho Phyo,Female,Cashier,2024-07-21,759132,0974504816
ST020010,BR020,Phyu Win,Female,Loan Officer,2023-04-29,482879,0979002851
ST020011,BR020,Thuzar Zin,Female,Cashier,2023-03-19,578358,0939282885
ST020012,BR020,Thandar Naing,Female,Field Officer,2024-04-30,468559,0969733063
ST020013,BR020,Soe Thein,Male,Field Officer,2024-09-27,464236,0955899440
ST021001,BR021,May Zaw,Female,Branch Manager,2018-05-31,850757,0926792127
ST021002,BR021,Nu Khaing,Female,Field Officer,2023-09-22,530165,0941434525
ST021003,BR021,Yin Than,Female,Cashier,2023-09-07,483541,0986876068
ST021004,BR021,Thuzar Moe,Female,Field Officer,2025-02-12,412151,0932086184
ST021005,BR021,Wai Zin,Female,Cashier,2024-10-13,512797,0998295121
ST021006,BR021,Hla Aung,Female,Accountant,2022-10-01,659467,0983161098
ST021007,BR021,Hnin Hlaing,Female,Loan Officer,2022-02-08,625930,0937976443
ST021008,BR021,Yu Yan,Female,Accountant,2024-02-26,423720,0973765155
ST021009,BR021,Phyo Oo,Male,Cashier,2023-07-11,590066,0994252324
ST021010,BR021,Khin Yan,Female,Field Officer,2022-01-24,688283,0957543473
ST021011,BR021,Htun Kyaw,Male,Field Officer,2024-06-13,595663,0965511258
ST021012,BR021,Thida Myint,Female,Field Officer,2022-05-31,662184,0925402922
ST021013,BR021,Min Zaw,Male,Accountant,2024-02-15,648378,0989703656
ST021014,BR021,Thida Khaing,Female,Cashier,2023-03-27,571948,0962752377
ST021015,BR021,Hla Khaing,Male,Accountant,2022-07-07,711282,0965147280
ST021016,BR021,Yin Moe,Female,Field Officer,2024-11-19,408722,0969440148
ST022001,BR022,Nwe Lin,Female,Branch Manager,2019-07-30,1106028,0961295819
ST022002,BR022,Ye Phyo,Male,Accountant,2024-07-11,743718,0997641510
ST022003,BR022,Min Htet,Male,Field Officer,2024-08-19,489397,0990361272
ST022004,BR022,Thida Thein,Female,Loan Officer,2024-11-21,700191,0934749927
ST022005,BR022,Aung Zin,Male,Accountant,2025-04-28,619561,0940324759
ST022006,BR022,Aye Lin,Female,Field Officer,2025-03-22,785790,0928359252
ST022007,BR022,Lin Myint,Male,Accountant,2025-03-04,747197,0984205866
ST022008,BR022,Thandar Htun,Female,Field Officer,2024-11-27,679512,0965946354
ST022009,BR022,Sandar Khaing,Female,Field Officer,2024-08-10,500801,0953087238
ST022010,BR022,Hnin Moe,Female,Cashier,2024-09-23,556035,0958789478
ST022011,BR022,Yan Than,Male,Field Officer,2024-10-02,582873,0995227370
ST022012,BR022,Cho Kyaw,Female,Field Officer,2024-09-17,606848,0966323191
ST022013,BR022,Naing Aung,Male,Accountant,2024-07-22,774415,0930607151
ST023001,BR023,Phyu Soe,Female,Branch Manager,2020-12-04,1191820,0984300930
ST023002,BR023,Myo Oo,Male,Accountant,2025-02-16,694659,0956456416
ST023003,BR023,Zaw Khaing,Male,Cashier,2023-11-14,527117,0926813620
ST023004,BR023,Ko Aung,Male,Loan Officer,2024-07-30,616688,0964331259
ST023005,BR023,Nwe Zaw,Female,Loan Officer,2025-02-02,688543,0941198492
ST023006,BR023,Thuzar Phyo,Female,Cashier,2024-07-30,796315,0958553376
ST023007,BR023,Cho Aung,Female,Loan Officer,2025-04-21,741992,0997058874
ST023008,BR023,Zin Aung,Male,Cashier,2024-02-17,619092,0943593960
ST023009,BR023,Hla Phyo,Male,Cashier,2024-09-14,792693,0958851599
ST023010,BR023,Aung Moe,Male,Loan Officer,2025-03-22,575658,0958193218
ST023011,BR023,Hnin Ye,Female,Field Officer,2025-02-04,470359,0987674279
ST023012,BR023,Sandar Myint,Female,Loan Officer,2025-04-10,573373,0941809610
ST023013,BR023,Sandar Htun,Female,Loan Officer,2024-02-22,786199,0965246430
ST024001,BR024,Yin Myint,Female,Branch Manager,2019-10-26,892009,0974423996
ST024002,BR024,Wai Than,Female,Loan Officer,2023-04-29,610152,0932802372
ST024003,BR024,Htun Phyo,Male,Accountant,2024-07-13,530048,0920916723
ST024004,BR024,Nu Thein,Female,Field Officer,2024-07-07,795185,0955835371
ST024005,BR024,Cho Htet,Female,Loan Officer,2024-09-09,537129,0968258264
ST024006,BR024,Min Kyaw,Male,Field Officer,2022-12-24,560854,0941436829
ST024007,BR024,Wai Moe,Female,Loan Officer,2023-09-29,734868,0959599276
ST024008,BR024,Thet Thein,Female,Cashier,2021-10-05,470028,0984180488
ST024009,BR024,Thein Khaing,Male,Accountant,2023-09-16,618022,0993717007
ST024010,BR024,Hnin Myint,Female,Cashier,2023-08-05,756695,0999968863
ST024011,BR024,Lin Zin,Male,Accountant,2023-09-21,440948,0995721444
ST024012,BR024,Min Oo,Male,Cashier,2021-05-07,700260,0992029307
ST024013,BR024,Win Than,Male,Field Officer,2023-07-21,460943,0947568520
ST024014,BR024,Khin Ye,Female,Field Officer,2024-06-24,429169,0980858653
ST024015,BR024,Lin Lin,Male,Field Officer,2023-03-23,695651,0927749299
ST024016,BR024,Cho Hlaing,Female,Field Officer,2022-01-06,533408,0920404729
ST024017,BR024,Phyo Win,Male,Loan Officer,2024-04-06,622139,0966241881
ST024018,BR024,Zin Aung,Male,Loan Officer,2024-07-15,647501,0924259382
ST024019,BR024,Khaing Htun,Female,Cashier,2023-01-23,736343,0976420024
ST024020,BR024,Nu Zin,Female,Field Officer,2024-08-05,596946,0930770971
ST024021,BR024,Than Kyaw,Male,Cashier,2023-11-14,681678,0972755436
ST024022,BR024,Ko Hlaing,Male,Loan Officer,2021-03-20,556428,0982143331
ST024023,BR024,Hnin Yan,Female,Cashier,2022-11-07,529767,0981824078
ST024024,BR024,Thida Soe,Female,Cashier,2022-02-15,780121,0935145751
ST024025,BR024,Moe Khaing,Male,Loan Officer,2021-06-22,526178,0947659807
ST025001,BR025,Zaw Khaing,Male,Branch Manager,2021-07-19,817603,0979920305
ST025002,BR025,Ko Aung,Male,Field Officer,2024-05-24,630142,0951452485
ST025003,BR025,Min Zaw,Male,Accountant,2024-10-29,522768,0997324220
ST025004,BR025,Yin Khaing,Female,Accountant,2024-09-07,524205,0960502136
ST025005,BR025,Lin Thein,Male,Field Officer,2023-01-30,557549,0956930534
ST025006,BR025,Zin Htet,Male,Cashier,2024-03-04,728200,0977337891
ST025007,BR025,Hla Naing,Female,Field Officer,2023-11-13,674969,0962779814
ST025008,BR025,Khaing Zaw,Female,Accountant,2025-01-29,597373,0944679818
ST025009,BR025,May Thein,Female,Accountant,2025-01-25,770974,0939374563
ST026001,BR026,Hla Oo,Female,Branch Manager,2022-08-29,1016361,0975902739
ST026002,BR026,Hla Thein,Male,Accountant,2024-11-11,506607,0964327148
ST026003,BR026,Thein Naing,Male,Loan Officer,2023-10-25,680827,0945566010
ST026004,BR026,Thura Yan,Male,Loan Officer,2023-09-08,438159,0945254849
ST026005,BR026,Yan Myint,Male,Accountant,2024-02-05,558957,0922058055
ST026006,BR026,Myo Kyaw,Male,Field Officer,2024-04-12,527188,0947449289
ST026007,BR026,May Oo,Female,Accountant,2025-04-10,548404,0971091554
ST026008,BR026,Hnin Naing,Female,Accountant,2025-03-29,537133,0968270683
ST026009,BR026,Phyu Kyaw,Female,Field Officer,2025-01-26,799312,0962980983
ST026010,BR026,Than Than,Male,Field Officer,2024-09-05,423968,0995500790
ST026011,BR026,Htun Hlaing,Male,Accountant,2023-10-15,690094,0998387434
ST026012,BR026,Cho Zaw,Female,Cashier,2025-02-22,572944,0950872577
ST026013,BR026,Yin Thein,Female,Field Officer,2024-09-21,688695,0965307111
ST026014,BR026,Thuzar Phyo,Female,Field Officer,2024-10-27,488202,0967268285
ST026015,BR026,Htun Oo,Male,Field Officer,2023-10-26,496494,0992764376
ST026016,BR026,Lin Aung,Male,Loan Officer,2023-10-28,750337,0926511491
ST026017,BR026,Moe Zaw,Male,Cashier,2024-04-14,435634,0940270856
ST026018,BR026,Myo Ye,Male,Field Officer,2024-12-16,595664,0928113477
ST027001,BR027,Thuzar Hlaing,Female,Branch Manager,2019-05-25,803466,0991432350
ST027002,BR027,Su Hlaing,Female,Accountant,2023-04-17,680881,0958478684
ST027003,BR027,Lin Lin,Male,Cashier,2023-10-02,456107,0932927031
ST027004,BR027,Ko Myint,Male,Accountant,2023-05-09,585829,0955879718
ST027005,BR027,Khin Naing,Female,Field Officer,2022-09-18,640647,0995833309
ST027006,BR027,Ko Moe,Male,Loan Officer,2023-02-04,742745,0924252622
ST027007,BR027,Hla Yan,Male,Field Officer,2024-05-14,689774,0983888323
ST027008,BR027,Aung Htun,Male,Loan Officer,2023-03-25,662069,0978238367
ST027009,BR027,Yin Kyaw,Female,Loan Officer,2023-10-19,520463,0948375916
ST027010,BR027,Sandar Aung,Female,Loan Officer,2024-12-27,758837,0957631028
ST027011,BR027,Win Than,Male,Loan Officer,2025-02-10,508610,0998790652
ST027012,BR027,Hla Win,Male,Accountant,2024-02-28,485170,0995693188
ST027013,BR027,Phyo Yan,Male,Accountant,2025-01-21,601245,0938783850
ST027014,BR027,Lin Naing,Male,Loan Officer,2024-10-20,451215,0978664992
ST028001,BR028,Kyaw Than,Male,Branch Manager,2018-12-21,1117282,0999941241
ST028002,BR028,Thandar Hlaing,Female,Accountant,2024-03-27,636218,0985847681
ST028003,BR028,Than Oo,Male,Field Officer,2022-11-18,626412,0944929311
ST028004,BR028,Khin Khaing,Female,Accountant,2024-02-07,529210,0929865900
ST028005,BR028,Thura Zaw,Male,Field Officer,2022-04-10,773123,0940706693
ST028006,BR028,Thandar Naing,Female,Loan Officer,2021-07-03,447983,0920697290
ST028007,BR028,Phyu Naing,Female,Accountant,2022-05-29,453598,0937784789
ST028008,BR028,Win Lin,Male,Field Officer,2021-06-29,692020,0994455942
ST028009,BR028,Nwe Hlaing,Female,Loan Officer,2024-08-12,585553,0994386123
ST028010,BR028,Ye Khaing,Male,Accountant,2023-09-27,601975,0921656329
ST028011,BR028,Khaing Yan,Female,Loan Officer,2025-04-16,780026,0995099723
ST028012,BR028,Phyo Ye,Male,Cashier,2022-01-31,759302,0971100987
ST028013,BR028,Htun Soe,Male,Accountant,2022-07-17,540722,0986185975
ST028014,BR028,Kyaw Htun,Male,Field Officer,2022-06-07,544683,0976519399
ST028015,BR028,Thuzar Win,Female,Accountant,2022-11-27,531963,0953096758
ST028016,BR028,Thet Khaing,Female,Cashier,2025-03-29,640051,0934357588
ST028017,BR028,Naing Hlaing,Male,Field Officer,2024-12-05,574177,0970987966
ST028018,BR028,Phyu Than,Female,Field Officer,2025-04-23,741330,0999778067
ST029001,BR029,Naing Than,Male,Branch Manager,2021-11-12,1116256,0946957830
ST029002,BR029,Thandar Htun,Female,Field Officer,2024-03-06,567320,0959117508
ST029003,BR029,Yin Thein,Female,Accountant,2024-09-23,597161,0957621248
ST029004,BR029,Yu Kyaw,Female,Cashier,2024-07-28,710497,0993233096
ST029005,BR029,Zin Hlaing,Male,Field Officer,2025-02-20,771388,0948138531
ST029006,BR029,Cho Win,Female,Field Officer,2025-03-30,752834,0987015343
ST029007,BR029,Naing Thein,Male,Accountant,2024-06-08,745329,0940688754
ST029008,BR029,Nu Win,Female,Field Officer,2024-10-13,713489,0984321792
ST029009,BR029,Hnin Ye,Female,Field Officer,2025-04-23,685026,0924934536
ST029010,BR029,Hnin Khaing,Female,Loan Officer,2024-09-20,457341,0953316996
ST029011,BR029,Myint Khaing,Female,Loan Officer,2024-08-07,695289,0973635785
ST029012,BR029,Khaing Kyaw,Female,Loan Officer,2024-10-02,451698,0954727276
ST029013,BR029,Lin Ye,Male,Cashier,2024-04-23,633716,0970213478
ST029014,BR029,Phyu Htet,Female,Cashier,2024-09-06,580862,0923296743
ST029015,BR029,Nwe Moe,Female,Field Officer,2024-09-29,445012,0935578562
ST029016,BR029,Than Moe,Male,Accountant,2025-02-27,638725,0947765262
ST029017,BR029,Yu Phyo,Female,Loan Officer,2025-01-09,629725,0980726434
ST029018,BR029,Khin Moe,Female,Loan Officer,2024-01-24,772652,0935446483
ST029019,BR029,Soe Kyaw,Male,Cashier,2024-08-06,788229,0952737441
ST029020,BR029,Zin Htun,Male,Accountant,2024-02-11,693522,0977226329
ST030001,BR030,May Yan,Female,Branch Manager,2018-08-20,1130175,0944756698
ST030002,BR030,Moe Yan,Male,Loan Officer,2023-02-18,786603,0946484437
ST030003,BR030,Yin Lin,Female,Field Officer,2024-01-17,402333,0948829445
ST030004,BR030,Thura Win,Male,Loan Officer,2023-06-25,681484,0945093324
ST030005,BR030,Thandar Myint,Female,Field Officer,2023-06-05,459745,0955212476
ST030006,BR030,Wai Than,Female,Field Officer,2023-06-23,720501,0972686364
ST030007,BR030,Than Naing,Male,Field Officer,2024-08-25,723675,0943156250
ST030008,BR030,Thet Htet,Female,Loan Officer,2024-08-09,752379,0937978165
ST030009,BR030,Nwe Thein,Female,Accountant,2025-04-24,461314,0944567819
ST030010,BR030,Thida Ye,Female,Field Officer,2024-01-18,619277,0938504235
ST030011,BR030,Khaing Htun,Female,Field Officer,2023-12-15,733185,0992125824
ST030012,BR030,Zin Htun,Male,Field Officer,2023-05-07,551432,0938830282
ST031001,BR031,Soe Zin,Male,Branch Manager,2021-11-24,1124749,0927195581
ST031002,BR031,Su Phyo,Female,Cashier,2024-11-14,502303,0971532114
ST031003,BR031,Khaing Phyo,Female,Field Officer,2023-05-09,772319,0979572772
ST031004,BR031,Myint Win,Female,Loan Officer,2023-11-07,799012,0949598969
ST031005,BR031,Hla Soe,Female,Cashier,2023-06-11,681861,0958744673
ST031006,BR031,Thein Htet,Male,Field Officer,2023-11-06,688214,0988559218
ST031007,BR031,Phyo Kyaw,Male,Accountant,2023-11-22,684744,0969239353
ST031008,BR031,Thein Oo,Male,Cashier,2023-02-13,622903,0933746101
ST031009,BR031,Naing Aung,Male,Field Officer,2023-07-21,537790,0966785209
ST031010,BR031,Thein Kyaw,Male,Cashier,2024-02-25,510036,0998909809
ST031011,BR031,Thet Lin,Female,Cashier,2024-11-03,723040,0938687800
ST031012,BR031,Myo Aung,Male,Accountant,2024-04-29,679068,0957726592
ST031013,BR031,Soe Moe,Male,Accountant,2024-12-25,700278,0955882178
ST031014,BR031,Htun Lin,Male,Loan Officer,2024-01-27,545397,0937030641
ST031015,BR031,Ko Zaw,Male,Accountant,2025-02-09,529789,0972707402
ST031016,BR031,Thida Htet,Female,Accountant,2024-09-18,729154,0975596350
ST031017,BR031,Phyu Win,Female,Loan Officer,2023-12-20,611209,0989204468
ST031018,BR031,Yu Zin,Female,Field Officer,2023-09-13,571593,0998108751
ST031019,BR031,Kyaw Zin,Male,Accountant,2023-07-02,433203,0991729237
ST031020,BR031,Aye Lin,Female,Cashier,2023-02-23,659373,0956042404
ST031021,BR031,Cho Than,Female,Cashier,2023-02-01,696821,0985140950
ST031022,BR031,Hla Aung,Female,Loan Officer,2025-05-11,728298,0981684020
ST031023,BR031,Zaw Htun,Male,Field Officer,2023-08-26,639346,0920090721
ST031024,BR031,Aye Zaw,Female,Accountant,2022-10-31,483349,0956778269
ST031025,BR031,Than Soe,Male,Loan Officer,2023-06-20,594953,0942216400
ST032001,BR032,Hla Moe,Male,Branch Manager,2021-07-12,1180626,0951426254
ST032002,BR032,Khin Kyaw,Female,Loan Officer,2024-11-03,511894,0983995913
ST032003,BR032,Htun Htet,Male,Cashier,2022-04-06,672338,0979735865
ST032004,BR032,Aung Than,Male,Loan Officer,2024-08-31,621414,0937740248
ST032005,BR032,Khin Thein,Female,Field Officer,2023-03-07,446835,0933747542
ST032006,BR032,Soe Naing,Male,Accountant,2023-08-04,471895,0971367949
ST032007,BR032,Htun Win,Male,Loan Officer,2022-03-28,719983,0942027350
ST032008,BR032,Yu Myint,Female,Cashier,2023-11-30,615854,0979375757
ST032009,BR032,Kyaw Kyaw,Male,Cashier,2023-12-01,794498,0936529882
ST032010,BR032,Yu Lin,Female,Accountant,2022-05-29,473311,0953257324
ST032011,BR032,Khin Thein,Female,Accountant,2024-08-16,762008,0923600310
ST032012,BR032,Aye Ye,Female,Cashier,2024-05-25,792085,0972579931
ST032013,BR032,Hla Thein,Female,Field Officer,2022-10-08,602315,0935132198
ST032014,BR032,Yan Khaing,Male,Loan Officer,2024-11-07,676974,0921619606
ST032015,BR032,Thandar Zaw,Female,Field Officer,2025-01-12,697995,0976487347
ST032016,BR032,Hnin Htun,Female,Field Officer,2022-06-19,438268,0922240013
ST032017,BR032,Aung Soe,Male,Cashier,2023-06-01,420880,0928115992
ST032018,BR032,Wai Moe,Female,Field Officer,2023-08-03,622075,0973992760
ST032019,BR032,Zin Oo,Male,Cashier,2024-03-07,545473,0931220209
ST032020,BR032,Khin Ye,Female,Cashier,2023-09-16,481462,0991993070
ST032021,BR032,Nu Htet,Female,Loan Officer,2023-07-27,562618,0978718382
ST033001,BR033,Min Thein,Male,Branch Manager,2023-10-02,845200,0978315400
ST033002,BR033,Thein Khaing,Male,Loan Officer,2024-08-17,562157,0943574794
ST033003,BR033,Aung Zaw,Male,Loan Officer,2024-12-30,485895,0986627415
ST033004,BR033,Wai Ye,Female,Accountant,2025-01-09,487536,0969911470
ST033005,BR033,Thura Kyaw,Male,Loan Officer,2024-11-01,575642,0977622968
ST033006,BR033,Wai Win,Female,Accountant,2024-10-08,773462,0997396877
ST033007,BR033,Yan Zin,Male,Accountant,2024-11-23,429066,0987056519
ST033008,BR033,Than Htun,Male,Accountant,2025-05-01,453951,0997029205
ST033009,BR033,Ko Ye,Male,Loan Officer,2025-04-01,423088,0921649277
ST033010,BR033,Min Phyo,Male,Accountant,2024-11-13,600791,0940144023
ST033011,BR033,Min Oo,Male,Field Officer,2024-09-03,517710,0963191535
ST033012,BR033,Moe Than,Male,Accountant,2024-07-04,440835,0996710258
ST033013,BR033,Nwe Ye,Female,Loan Officer,2025-03-30,494028,0949955391
ST033014,BR033,Hla Win,Male,Field Officer,2024-07-14,548010,0961701149
ST033015,BR033,Khin Oo,Female,Field Officer,2024-02-26,404178,0969515518
ST033016,BR033,Naing Htet,Male,Accountant,2025-03-16,787750,0952559072
ST033017,BR033,Yu Htet,Female,Field Officer,2024-09-27,502457,0993357939
ST033018,BR033,Htun Hlaing,Male,Field Officer,2025-04-14,412535,0951272427
ST033019,BR033,Su Than,Female,Loan Officer,2025-01-07,797897,0970502752
ST034001,BR034,Nwe Myint,Female,Branch Manager,2022-09-08,1077775,0951966313
ST034002,BR034,Thuzar Aung,Female,Cashier,2025-02-15,773110,0957557512
ST034003,BR034,Min Thein,Male,Field Officer,2023-11-17,767445,0969995026
ST034004,BR034,Khin Htet,Female,Loan Officer,2024-01-25,664989,0937919925
ST034005,BR034,Khin Htet,Female,Loan Officer,2023-06-27,628056,0937543369
ST034006,BR034,Naing Soe,Male,Accountant,2025-04-20,606020,0963788744
ST034007,BR034,Phyu Soe,Female,Cashier,2023-07-07,439157,0947207628
ST034008,BR034,Phyo Kyaw,Male,Cashier,2023-10-31,455395,0942062036
ST034009,BR034,Phyu Than,Female,Field Officer,2024-08-01,463300,0991930575
ST034010,BR034,Aye Zin,Female,Accountant,2024-11-11,642927,0955568761
ST034011,BR034,Kyaw Htun,Male,Accountant,2024-06-05,769468,0925412975
ST034012,BR034,Soe Zaw,Male,Loan Officer,2024-08-19,772851,0953315361
ST034013,BR034,Nu Ye,Female,Loan Officer,2024-09-04,755039,0960109721
ST034014,BR034,Myint Hlaing,Female,Field Officer,2024-05-02,637083,0994618850
ST034015,BR034,Zaw Zin,Male,Loan Officer,2024-04-22,473291,0936301180
ST034016,BR034,Min Thein,Male,Cashier,2023-10-01,503878,0973765180
ST034017,BR034,Khin Htet,Female,Accountant,2024-04-09,439314,0922925970
ST034018,BR034,Myo Zin,Male,Cashier,2025-04-15,448223,0964499873
ST034019,BR034,Min Zin,Male,Loan Officer,2024-07-29,488074,0997025433
ST034020,BR034,Nu Phyo,Female,Loan Officer,2024-03-26,600660,0977265875
ST034021,BR034,Than Myint,Male,Cashier,2024-05-12,544169,0957561442
ST034022,BR034,Thida Aung,Female,Cashier,2023-08-26,739360,0959608344
ST034023,BR034,Khaing Oo,Female,Field Officer,2023-08-03,431970,0931773787
ST034024,BR034,Nu Zaw,Female,Field Officer,2024-09-11,504573,0990573568
ST035001,BR035,Zin Hlaing,Male,Branch Manager,2023-06-18,1000539,0968199211
ST035002,BR035,Hnin Phyo,Female,Accountant,2025-03-08,696564,0987430081
ST035003,BR035,Nu Soe,Female,Cashier,2023-12-08,413664,0962799022
ST035004,BR035,Aung Soe,Male,Loan Officer,2024-11-16,647298,0991059199
ST035005,BR035,Yin Thein,Female,Cashier,2023-11-29,452499,0953266810
ST035006,BR035,Thura Oo,Male,Loan Officer,2023-11-17,515034,0997268086
ST035007,BR035,Yu Htun,Female,Cashier,2024-01-18,524020,0999526622
ST035008,BR035,Yu Htet,Female,Loan Officer,2024-09-22,768811,0967201978
ST035009,BR035,Phyo Myint,Male,Field Officer,2024-09-04,684229,0961480401
ST035010,BR035,Yan Aung,Male,Loan Officer,2023-11-05,429448,0951222178
ST035011,BR035,Aung Ye,Male,Field Officer,2024-06-06,400358,0964524582
ST036001,BR036,Htun Than,Male,Branch Manager,2020-11-17,1175881,0943818260
ST036002,BR036,Hla Hlaing,Female,Cashier,2024-05-19,707552,0939012298
ST036003,BR036,Lin Naing,Male,Loan Officer,2024-07-17,595869,0973095937
ST036004,BR036,Soe Moe,Male,Accountant,2024-12-30,471539,0941139813
ST036005,BR036,Thuzar Than,Female,Cashier,2024-09-14,770767,0995427317
ST036006,BR036,May Htet,Female,Cashier,2025-02-09,598382,0961181116
ST036007,BR036,Thida Htun,Female,Loan Officer,2025-03-17,768054,0996884584
ST036008,BR036,Yin Aung,Female,Cashier,2024-03-31,715825,0962710350
ST036009,BR036,Phyo Kyaw,Male,Field Officer,2025-04-27,473737,0964448673
ST036010,BR036,Ko Naing,Male,Accountant,2024-04-05,488021,0931908603
ST036011,BR036,Phyu Hlaing,Female,Accountant,2025-04-29,509934,0953492807
ST036012,BR036,Than Soe,Male,Loan Officer,2024-08-14,777704,0920171954
ST036013,BR036,Hla Zin,Male,Field Officer,2025-03-14,487209,0975568711
ST036014,BR036,Nu Naing,Female,Field Officer,2025-03-03,453177,0984355957
ST036015,BR036,Win Zin,Male,Loan Officer,2024-11-20,417517,0959581964
ST036016,BR036,Soe Soe,Male,Loan Officer,2025-02-06,438902,0965876720
ST036017,BR036,Hla Htun,Male,Loan Officer,2025-04-25,686809,0932496299
ST036018,BR036,Thet Khaing,Female,Field Officer,2024-08-13,769363,0924159837
ST036019,BR036,Myint Khaing,Female,Field Officer,2024-09-03,482367,0927188130
ST036020,BR036,Soe Myint,Male,Cashier,2024-04-01,614580,0994371711
ST036021,BR036,Cho Moe,Female,Cashier,2024-08-31,450287,0926661956
ST037001,BR037,Yin Oo,Female,Branch Manager,2023-05-28,1057398,0940614492
ST037002,BR037,Than Hlaing,Male,Field Officer,2024-10-15,445942,0959533757
ST037003,BR037,Aye Kyaw,Female,Loan Officer,2024-10-07,508502,0942928708
ST037004,BR037,Khin Phyo,Female,Loan Officer,2024-06-16,561665,0973347164
ST037005,BR037,Thuzar Soe,Female,Loan Officer,2024-09-02,736522,0993031359
ST037006,BR037,Myint Naing,Female,Field Officer,2025-02-16,593672,0945042738
ST037007,BR037,Hla Soe,Female,Field Officer,2024-05-31,643824,0955353058
ST037008,BR037,Thura Htet,Male,Loan Officer,2024-12-10,479235,0932979206
ST037009,BR037,Than Oo,Male,Field Officer,2025-03-07,796601,0999151743
ST037010,BR037,Zin Aung,Male,Field Officer,2024-10-22,673983,0976187845
ST037011,BR037,Yin Thein,Female,Field Officer,2025-03-18,556684,0930597167
ST037012,BR037,Hla Ye,Female,Cashier,2025-04-11,463062,0980269093
ST037013,BR037,Win Myint,Male,Cashier,2024-11-29,466157,0925727862
ST037014,BR037,Khin Lin,Female,Cashier,2024-08-19,728847,0939847882
ST037015,BR037,Thandar Win,Female,Loan Officer,2025-02-11,603475,0994673939
ST037016,BR037,Hnin Than,Female,Accountant,2024-12-09,672466,0981492815
ST037017,BR037,Ye Htet,Male,Field Officer,2024-05-03,458992,0975625517
ST037018,BR037,Htun Htet,Male,Loan Officer,2025-02-26,455383,0995522135
ST037019,BR037,Naing Oo,Male,Accountant,2024-04-21,615424,0955451818
ST037020,BR037,Thuzar Htet,Female,Field Officer,2024-08-18,419642,0943112256
ST038001,BR038,Nu Zaw,Female,Branch Manager,2020-06-01,1124138,0973917932
ST038002,BR038,Hla Than,Male,Cashier,2024-11-03,425842,0983782705
ST038003,BR038,Yu Hlaing,Female,Accountant,2022-08-12,558888,0961734908
ST038004,BR038,Thuzar Kyaw,Female,Cashier,2024-07-04,470456,0960329802
ST038005,BR038,Thandar Soe,Female,Field Officer,2020-11-22,717183,0931983878
ST038006,BR038,Thein Myint,Male,Field Officer,2021-05-11,788468,0985023164
ST038007,BR038,Hla Ye,Female,Cashier,2023-09-25,434402,0961758234
ST038008,BR038,Thida Ye,Female,Loan Officer,2021-01-07,491088,0945872271
ST038009,BR038,Min Thein,Male,Loan Officer,2020-11-01,639310,0926785951
ST038010,BR038,Aye Soe,Female,Accountant,2022-04-24,643384,0987796914
ST038011,BR038,Nwe Hlaing,Female,Cashier,2020-12-27,595279,0985603845
ST038012,BR038,Myint Phyo,Female,Accountant,2022-07-05,580485,0941946425
ST038013,BR038,Khin Moe,Female,Loan Officer,2020-12-12,602671,0926664050
ST038014,BR038,Phyo Myint,Male,Cashier,2023-07-24,739413,0950214026
ST038015,BR038,Thura Lin,Male,Loan Officer,2024-05-21,757669,0921194267
ST038016,BR038,Thida Htun,Female,Loan Officer,2024-08-19,517319,0953875271
ST038017,BR038,Sandar Lin,Female,Field Officer,2024-11-12,582824,0981605671
ST038018,BR038,Aye Zin,Female,Accountant,2022-06-23,755045,0989878835
ST038019,BR038,Yin Kyaw,Female,Loan Officer,2025-04-01,668180,0970228268
ST038020,BR038,Cho Kyaw,Female,Field Officer,2022-03-13,433469,0965135227
ST038021,BR038,Thandar Soe,Female,Accountant,2022-10-25,743995,0960103064
ST038022,BR038,Htun Ye,Male,Cashier,2021-04-18,429766,0974237172
ST038023,BR038,Thida Hlaing,Female,Field Officer,2025-05-11,554981,0954819604
ST038024,BR038,Nu Yan,Female,Loan Officer,2024-06-28,705672,0996778235
ST039001,BR039,Soe Thein,Male,Branch Manager,2017-10-25,1159828,0991757508
ST039002,BR039,Yu Ye,Female,Accountant,2024-04-10,489121,0994926784
ST039003,BR039,Naing Kyaw,Male,Field Officer,2024-01-11,467079,0954715663
ST039004,BR039,Soe Win,Male,Cashier,2025-04-01,586270,0949974566
ST039005,BR039,Khaing Than,Female,Accountant,2024-01-30,536608,0998593968
ST039006,BR039,Phyu Kyaw,Female,Field Officer,2022-12-20,428142,0998326059
ST039007,BR039,Yan Myint,Male,Loan Officer,2024-05-17,756881,0971226775
ST039008,BR039,Khaing Aung,Female,Cashier,2023-02-26,472018,0946883353
ST040001,BR040,Khaing Htet,Female,Branch Manager,2018-04-11,1039899,0939223220
ST040002,BR040,Myint Win,Female,Field Officer,2023-03-22,574393,0943732951
ST040003,BR040,Hla Hlaing,Female,Field Officer,2024-04-17,543407,0948102825
ST040004,BR040,Phyo Htun,Male,Field Officer,2024-03-23,446159,0937368573
ST040005,BR040,Khaing Yan,Female,Field Officer,2023-02-14,650295,0971447859
ST040006,BR040,Min Oo,Male,Cashier,2022-12-01,783075,0970076822
ST040007,BR040,Soe Ye,Male,Cashier,2022-11-07,409393,0920553491
ST040008,BR040,Ko Naing,Male,Accountant,2024-12-02,467596,0933785264
ST040009,BR040,Wai Htet,Female,Accountant,2024-10-23,487566,0928762675
ST040010,BR040,Naing Moe,Male,Field Officer,2024-02-09,781593,0989831928
ST040011,BR040,Khaing Zaw,Female,Accountant,2023-06-28,656994,0968217837
ST040012,BR040,Win Yan,Male,Loan Officer,2024-12-25,519756,0950107903
ST040013,BR040,Myo Hlaing,Male,Cashier,2023-02-26,464572,0969203071
ST040014,BR040,Hla Soe,Male,Loan Officer,2023-08-05,711387,0926437132
ST040015,BR040,Aung Aung,Male,Loan Officer,2024-12-09,618510,0979634854
ST040016,BR040,Nwe Oo,Female,Accountant,2022-06-18,648720,0940552371
ST040017,BR040,Aung Moe,Male,Field Officer,2024-04-30,746902,0933553285
ST040018,BR040,Thet Khaing,Female,Cashier,2024-12-09,619585,0934081350
ST040019,BR040,Naing Kyaw,Male,Loan Officer,2024-12-16,660958,0946661903
ST040020,BR040,Thura Ye,Male,Cashier,2022-07-01,587654,0974996550
ST040021,BR040,Myint Aung,Female,Field Officer,2024-07-27,508891,0984513622
ST040022,BR040,May Hlaing,Female,Loan Officer,2023-12-25,752129,0931945758
ST040023,BR040,Phyo Phyo,Male,Cashier,2024-06-04,447229,0988679929
ST040024,BR040,Zaw Soe,Male,Cashier,2024-02-26,639469,0959731424
ST040025,BR040,Phyu Aung,Female,Loan Officer,2023-03-21,491594,0925294153
ST041001,BR041,Yu Than,Female,Branch Manager,2020-04-21,1023344,0935555976
ST041002,BR041,Min Hlaing,Male,Cashier,2025-01-24,747789,0942885770
ST041003,BR041,Yu Zin,Female,Accountant,2023-12-04,784338,0932475714
ST041004,BR041,Thandar Htun,Female,Loan Officer,2023-12-11,610122,0973720675
ST041005,BR041,Sandar Yan,Female,Field Officer,2024-12-17,621113,0942384662
ST041006,BR041,Htun Aung,Male,Cashier,2024-06-30,454375,0975838294
ST041007,BR041,Yin Zin,Female,Cashier,2024-05-08,720509,0970969286
ST041008,BR041,Thet Hlaing,Female,Cashier,2025-04-08,653272,0985514730
ST041009,BR041,Moe Zin,Male,Loan Officer,2024-12-07,433206,0955113084
ST041010,BR041,Su Ye,Female,Cashier,2025-03-29,751191,0965405943
ST041011,BR041,Moe Thein,Male,Field Officer,2024-06-06,581272,0971657265
ST042001,BR042,Zin Khaing,Male,Branch Manager,2018-01-03,828608,0921562947
ST042002,BR042,Lin Phyo,Male,Field Officer,2025-03-30,486719,0930048242
ST042003,BR042,Thandar Thein,Female,Accountant,2025-04-11,545834,0926757958
ST042004,BR042,Zin Yan,Male,Field Officer,2024-04-26,523207,0930580463
ST042005,BR042,Phyu Htet,Female,Field Officer,2024-05-06,446147,0986901651
ST042006,BR042,Thandar Kyaw,Female,Field Officer,2023-09-03,790719,0922384932
ST042007,BR042,Hla Lin,Male,Loan Officer,2025-01-01,692097,0993698792
ST042008,BR042,Kyaw Khaing,Male,Accountant,2024-04-06,666515,0995475000
ST042009,BR042,Thein Than,Male,Accountant,2023-12-17,428455,0949919562
ST042010,BR042,Thandar Oo,Female,Field Officer,2024-11-13,775735,0968760568
ST042011,BR042,Nwe Kyaw,Female,Cashier,2024-06-16,401151,0965816176
ST042012,BR042,Cho Oo,Female,Accountant,2023-03-27,768100,0934270328
ST042013,BR042,Win Phyo,Male,Cashier,2024-10-13,775839,0974923338
ST042014,BR042,Thura Khaing,Male,Cashier,2023-11-16,498326,0936206227
ST042015,BR042,Aye Zin,Female,Cashier,2024-10-02,775803,0965356673
ST042016,BR042,Moe Aung,Male,Loan Officer,2023-10-02,636194,0981389561
ST042017,BR042,Yan Hlaing,Male,Loan Officer,2024-10-31,690049,0978090825
ST042018,BR042,Wai Htun,Female,Cashier,2023-10-13,782989,0937231111
ST042019,BR042,Hla Khaing,Male,Accountant,2023-12-18,664298,0971628545
ST042020,BR042,Thet Thein,Female,Accountant,2023-05-03,608598,0966017729
ST042021,BR042,Phyu Zaw,Female,Cashier,2023-12-23,616397,0988759020
ST042022,BR042,Hnin Than,Female,Cashier,2023-03-05,505323,0948147161
ST043001,BR043,Yu Zaw,Female,Branch Manager,2020-07-23,1172452,0943865616
ST043002,BR043,Nwe Naing,Female,Field Officer,2021-01-08,705558,0996589761
ST043003,BR043,Hnin Moe,Female,Field Officer,2021-09-15,406695,0990159631
ST043004,BR043,Aung Yan,Male,Cashier,2022-02-19,427821,0927597364
ST043005,BR043,Thura Htun,Male,Accountant,2021-10-03,758293,0953629729
ST043006,BR043,Min Moe,Male,Cashier,2025-01-13,795100,0992634888
ST043007,BR043,Than Zin,Male,Loan Officer,2021-03-13,723018,0995414925
ST043008,BR043,Zin Yan,Male,Cashier,2022-02-28,667870,0958606206
ST043009,BR043,Hla Yan,Male,Field Officer,2021-04-17,759215,0961963706
ST043010,BR043,Aung Soe,Male,Cashier,2021-11-06,725353,0979467023
ST043011,BR043,Than Htet,Male,Cashier,2023-12-11,780063,0945970823
ST043012,BR043,Phyu Htun,Female,Loan Officer,2021-07-02,498029,0943326387
ST043013,BR043,Hla Aung,Male,Field Officer,2021-05-10,546335,0994705402
ST043014,BR043,Thida Htun,Female,Accountant,2023-01-09,402959,0964367386
ST043015,BR043,Thida Aung,Female,Cashier,2024-05-23,569151,0926825701
ST043016,BR043,Thuzar Htet,Female,Accountant,2023-02-23,438210,0962662313
ST043017,BR043,Win Ye,Male,Loan Officer,2022-11-16,664839,0941390345
ST043018,BR043,Hnin Oo,Female,Field Officer,2022-01-12,448205,0966896070
ST043019,BR043,Myo Than,Male,Accountant,2020-10-31,589161,0959402883
ST043020,BR043,Ye Ye,Male,Field Officer,2020-12-25,694301,0921181612
ST043021,BR043,Than Zin,Male,Cashier,2024-12-08,736731,0952725927
ST043022,BR043,Soe Yan,Male,Loan Officer,2023-12-03,602310,0954439001
ST043023,BR043,Su Ye,Female,Accountant,2022-11-10,669646,0988281335
ST043024,BR043,Thuzar Aung,Female,Accountant,2023-11-23,741588,0945838575
ST044001,BR044,Wai Win,Female,Branch Manager,2021-06-22,850308,0942467350
ST044002,BR044,Kyaw Myint,Male,Cashier,2022-04-06,759349,0976936428
ST044003,BR044,Myo Oo,Male,Field Officer,2025-03-16,738984,0929679848
ST044004,BR044,Aung Zin,Male,Accountant,2023-07-27,419863,0931746856
ST044005,BR044,Min Htun,Male,Accountant,2023-02-12,692596,0929454577
ST044006,BR044,Thura Lin,Male,Field Officer,2023-01-23,636519,0974284094
ST044007,BR044,Thandar Hlaing,Female,Field Officer,2023-02-25,753002,0935878730
ST044008,BR044,Ye Win,Male,Loan Officer,2023-01-31,767464,0929742790
ST044009,BR044,Wai Kyaw,Female,Accountant,2024-09-21,759597,0960446607
ST044010,BR044,Naing Zin,Male,Field Officer,2023-07-26,607153,0924136476
ST044011,BR044,Myint Oo,Female,Cashier,2024-10-27,471503,0972478133
ST045001,BR045,Thida Moe,Female,Branch Manager,2020-04-21,1155094,0970080729
ST045002,BR045,Zin Oo,Male,Cashier,2020-11-09,464610,0925606696
ST045003,BR045,Phyo Khaing,Male,Field Officer,2024-08-26,681622,0993487621
ST045004,BR045,Naing Myint,Male,Accountant,2024-02-27,511011,0975385548
ST045005,BR045,Win Htun,Male,Cashier,2025-03-26,723425,0953922427
ST045006,BR045,Zaw Htun,Male,Loan Officer,2020-08-20,793762,0993665549
ST045007,BR045,Hnin Win,Female,Accountant,2024-09-25,752156,0929041276
ST045008,BR045,Nwe Myint,Female,Field Officer,2024-09-02,573461,0967934299
ST045009,BR045,Ko Kyaw,Male,Accountant,2025-04-27,724804,0929369589
ST045010,BR045,Soe Phyo,Male,Field Officer,2024-09-26,572147,0961027069
ST045011,BR045,Phyo Htet,Male,Accountant,2023-12-14,565849,0977486445
ST045012,BR045,Aung Than,Male,Cashier,2021-08-15,516143,0978535581
ST045013,BR045,Yu Zaw,Female,Accountant,2022-04-20,651634,0982122457
ST045014,BR045,Yu Moe,Female,Field Officer,2021-02-04,689234,0934607269
ST045015,BR045,Ye Win,Male,Accountant,2023-11-27,473401,0992292089
ST045016,BR045,Thura Win,Male,Loan Officer,2024-04-19,409767,0988072320
ST045017,BR045,Phyo Htet,Male,Field Officer,2021-02-25,709348,0948556255
ST045018,BR045,Zin Soe,Male,Field Officer,2024-11-19,742836,0939949181
ST045019,BR045,Nu Thein,Female,Accountant,2023-04-12,470192,0982371131
ST045020,BR045,Hla Naing,Male,Loan Officer,2021-06-18,747434,0952062038
ST045021,BR045,Lin Zaw,Male,Field Officer,2021-07-13,483478,0944044459
ST045022,BR045,Yan Naing,Male,Loan Officer,2021-07-06,514724,0985450221
ST045023,BR045,Kyaw Soe,Male,Accountant,2020-08-23,522693,0925745651
ST045024,BR045,Lin Naing,Male,Field Officer,2022-03-18,646244,0981021210
ST046001,BR046,Min Than,Male,Branch Manager,2019-09-29,854119,0989977486
ST046002,BR046,Sandar Htet,Female,Cashier,2024-10-21,597478,0970803895
ST046003,BR046,Yin Win,Female,Accountant,2025-04-06,597304,0949917031
ST046004,BR046,Yu Naing,Female,Field Officer,2024-09-21,652764,0920885526
ST046005,BR046,Thein Htun,Male,Cashier,2024-02-25,440416,0989060560
ST046006,BR046,Aye Zaw,Female,Cashier,2024-04-24,482500,0968616740
ST046007,BR046,Ko Lin,Male,Accountant,2025-02-07,777621,0935212062
ST046008,BR046,Thuzar Phyo,Female,Cashier,2025-03-07,709744,0941642106
ST046009,BR046,Su Thein,Female,Loan Officer,2024-04-12,467048,0996972056
ST046010,BR046,Htun Ye,Male,Loan Officer,2024-08-19,700033,0939711900
ST046011,BR046,Win Soe,Male,Cashier,2024-09-13,670868,0974419425
ST046012,BR046,Naing Win,Male,Cashier,2025-01-31,635511,0983272042
ST046013,BR046,Myint Thein,Female,Field Officer,2025-01-29,715012,0939154498
ST046014,BR046,Ye Ye,Male,Accountant,2025-03-13,487934,0965992559
ST046015,BR046,Thet Htet,Female,Loan Officer,2025-03-27,520488,0970762668
ST046016,BR046,Thida Kyaw,Female,Loan Officer,2024-06-22,506088,0990157128
ST046017,BR046,Thida Khaing,Female,Loan Officer,2024-07-15,493020,0983870080
ST046018,BR046,Zin Ye,Male,Loan Officer,2024-07-06,448858,0984725282
ST046019,BR046,Ye Oo,Male,Loan Officer,2024-12-27,755760,0977914523
ST047001,BR047,Yu Aung,Female,Branch Manager,2020-10-05,1165765,0991110769
ST047002,BR047,May Phyo,Female,Field Officer,2024-10-10,583772,0999060695
ST047003,BR047,Moe Zaw,Male,Accountant,2024-05-20,650159,0951207351
ST047004,BR047,Naing Khaing,Male,Field Officer,2025-05-11,535164,0945369971
ST047005,BR047,Aung Htet,Male,Loan Officer,2024-03-08,672504,0920965569
ST047006,BR047,Aye Than,Female,Field Officer,2024-07-08,589933,0934305357
ST047007,BR047,Moe Htet,Male,Accountant,2025-05-11,536997,0991954780
ST047008,BR047,Yin Naing,Female,Accountant,2024-08-28,756833,0973345392
ST047009,BR047,Moe Oo,Male,Field Officer,2024-01-19,493700,0969689143
ST047010,BR047,Sandar Moe,Female,Accountant,2024-07-11,769882,0973436070
ST047011,BR047,Zaw Thein,Male,Field Officer,2024-02-13,766640,0941715773
ST047012,BR047,Myo Ye,Male,Field Officer,2024-01-01,577438,0993897088
ST047013,BR047,Win Yan,Male,Loan Officer,2024-01-12,447756,0939505652
ST047014,BR047,Thet Lin,Female,Loan Officer,2024-07-04,433596,0955311610
ST047015,BR047,Than Win,Male,Loan Officer,2023-12-16,779843,0971583363
ST047016,BR047,Thet Ye,Female,Accountant,2024-12-16,773086,0927712557
ST047017,BR047,Yan Zin,Male,Loan Officer,2024-05-16,505752,0989545356
ST047018,BR047,Aye Aung,Female,Cashier,2024-02-13,722536,0942747608
ST047019,BR047,Than Thein,Male,Loan Officer,2024-09-06,482546,0931655844
ST047020,BR047,Nu Naing,Female,Field Officer,2024-12-25,612573,0998662348
ST047021,BR047,Lin Hlaing,Male,Loan Officer,2024-11-11,447272,0993765077
ST047022,BR047,Hnin Htet,Female,Accountant,2025-03-24,582177,0957112255
ST047023,BR047,Ye Myint,Male,Field Officer,2024-08-31,611789,0997162674
ST047024,BR047,Thura Htun,Male,Field Officer,2024-10-28,665414,0934289484
ST048001,BR048,Lin Moe,Male,Branch Manager,2019-04-18,978240,0935704681
ST048002,BR048,Hnin Htet,Female,Accountant,2022-07-14,763956,0979427400
ST048003,BR048,Yin Phyo,Female,Cashier,2023-08-18,797134,0965588495
ST048004,BR048,Phyu Htet,Female,Loan Officer,2024-08-28,652691,0935605267
ST048005,BR048,Khin Yan,Female,Cashier,2025-01-06,754897,0950860700
ST048006,BR048,Khaing Naing,Female,Loan Officer,2023-01-02,767430,0955346197
ST048007,BR048,Naing Win,Male,Field Officer,2023-07-08,753211,0965901507
ST048008,BR048,Zin Htun,Male,Field Officer,2023-01-06,564559,0967451057
ST048009,BR048,Phyo Soe,Male,Cashier,2023-09-09,791200,0945523849
ST048010,BR048,Aye Thein,Female,Cashier,2022-10-11,539148,0947753358
ST048011,BR048,Myo Thein,Male,Accountant,2025-02-09,481786,0934319594
ST048012,BR048,Kyaw Phyo,Male,Loan Officer,2022-03-03,683888,0925672460
ST048013,BR048,Yu Khaing,Female,Accountant,2022-07-06,658128,0997110685
ST048014,BR048,Thuzar Htun,Female,Accountant,2024-05-04,608603,0949808788
ST048015,BR048,Min Ye,Male,Field Officer,2024-07-20,650777,0992580645
ST048016,BR048,Lin Naing,Male,Field Officer,2023-08-26,759839,0943461307
ST048017,BR048,Nwe Ye,Female,Field Officer,2023-03-30,565492,0921129926
ST048018,BR048,Myo Yan,Male,Loan Officer,2023-09-25,570622,0968533442
ST049001,BR049,Myint Oo,Female,Branch Manager,2018-01-17,937808,0951828278
ST049002,BR049,Thuzar Khaing,Female,Accountant,2023-08-04,591849,0944684475
ST049003,BR049,Khaing Myint,Female,Field Officer,2025-04-13,767375,0969970552
ST049004,BR049,Nu Soe,Female,Field Officer,2025-02-21,494313,0996693314
ST049005,BR049,Phyo Thein,Male,Loan Officer,2021-06-13,777914,0956231955
ST049006,BR049,Zin Lin,Male,Field Officer,2020-09-05,502793,0939574814
ST049007,BR049,Yan Hlaing,Male,Cashier,2023-06-10,620998,0987054885
ST049008,BR049,Lin Oo,Male,Accountant,2020-06-14,655129,0960269906
ST049009,BR049,Hnin Htet,Female,Loan Officer,2022-07-23,608877,0933284172
ST049010,BR049,Min Myint,Male,Accountant,2022-03-10,649843,0932925420
ST049011,BR049,Thandar Soe,Female,Accountant,2024-01-01,588904,0995208908
ST049012,BR049,Yu Hlaing,Female,Field Officer,2022-07-10,463563,0967122567
ST049013,BR049,Phyo Htet,Male,Cashier,2022-01-03,549216,0967661928
ST049014,BR049,Wai Phyo,Female,Field Officer,2023-03-23,441108,0971146483
ST049015,BR049,Phyu Zaw,Female,Cashier,2023-06-23,735848,0965283492
ST049016,BR049,Thet Htet,Female,Field Officer,2024-03-22,437404,0930618223
ST049017,BR049,Soe Thein,Male,Accountant,2021-10-04,566135,0959105187
ST049018,BR049,Thet Yan,Female,Accountant,2022-09-23,633254,0968743159
ST049019,BR049,Khaing Htun,Female,Cashier,2022-07-26,412111,0936782572
ST050001,BR050,Thura Win,Male,Branch Manager,2022-04-28,910400,0942402343
ST050002,BR050,Nwe Kyaw,Female,Loan Officer,2024-12-18,648085,0993609531
ST050003,BR050,Aung Yan,Male,Loan Officer,2024-10-08,454488,0955225746
ST050004,BR050,Kyaw Yan,Male,Accountant,2024-12-10,520248,0953204998
ST050005,BR050,Phyu Zaw,Female,Cashier,2024-01-13,676164,0942898616
ST050006,BR050,Min Naing,Male,Accountant,2024-04-19,649642,0982705646
ST050007,BR050,Hnin Zin,Female,Cashier,2024-03-09,765755,0992381952
ST050008,BR050,Phyo Khaing,Male,Field Officer,2024-10-21,730850,0995696716
ST050009,BR050,Wai Oo,Female,Accountant,2024-10-12,582016,0984646194
ST050010,BR050,Kyaw Zin,Male,Accountant,2025-02-27,591775,0975325058
ST050011,BR050,Thida Moe,Female,Loan Officer,2024-09-14,400048,0990238316
ST050012,BR050,Than Moe,Male,Field Officer,2025-03-26,680545,0921116303
ST050013,BR050,Thuzar Moe,Female,Loan Officer,2024-04-25,625672,0959315407
ST050014,BR050,Aung Oo,Male,Accountant,2025-03-07,498865,0975262252
ST050015,BR050,Nu Thein,Female,Cashier,2024-04-04,774833,0972307771
